id;reference_id;reference_data;reference_data_type;created_by;created_date;modified_by;modified_date;reference_order;reference_group_type
1;37454;Directives application Home Loan Account;Dam;Practical Fresh Pants;2024-05-19T18:56:21;alarm;2024-05-20T08:52:18;5641;transmitter Implementation Electronics
2;99221;Money Market Account;Albania web-readiness;Namibia;2024-05-19T23:46:09;Gorgeous Frozen Pants;2024-05-20T03:46:45;45606;bluetooth
3;19967;Cambridgeshire Mississippi;HDD;Table Small Frozen Sausages Planner;2024-05-19T13:57:52;access Intelligent;2024-05-19T16:56:40;24102;Bahamian Dollar Investment Account
4;83319;Salad;Digitized invoice;convergence;2024-05-20T04:22:31;Georgia Industrial;2024-05-19T13:09:04;77513;Markets Chief
5;59789;National Awesome sky blue;Tactics;scale interactive generating;2024-05-20T00:48:14;mission-critical Faroe Islands Plastic;2024-05-19T14:06:48;16526;Industrial
6;42340;reinvent 24 hour Jewelery;monitor;1080p Checking Account Identity;2024-05-19T17:44:24;Internal;2024-05-19T12:57:54;62329;archive Fantastic Plastic Chicken
7;32518;pixel withdrawal;Mississippi embrace Developer;synthesize Idaho compress;2024-05-19T21:30:53;Poland;2024-05-19T23:06:18;11089;partnerships
8;20171;Dynamic;knowledge base Buckinghamshire;Concrete Investment Account Saint Lucia;2024-05-20T04:29:32;Brand;2024-05-19T18:59:35;28975;Salad Web virtual
9;63340;RSS;mint green e-business EXE;back-end;2024-05-19T11:51:35;support Gorgeous;2024-05-20T03:53:43;64769;Jewelery cutting-edge
10;30478;Hat;supply-chains magenta;encompassing;2024-05-20T03:30:24;Gloves sky blue Oklahoma;2024-05-19T23:40:26;36362;Engineer
