id;ingestion_request_id;requester_name;requester_mudid;requester_email;request_rationale_reason;requested_by_name;requested_by_mudid;requested_by_email;created_by;created_date;modified_by;modified_date;modified_reason
1;9158;Principal Soft Quality;Cocos (Keeling) Islands Awesome;USB alarm 1080p;feed invoice;Triple-buffered Borders magenta;Tasty Metal Chair Handcrafted Rubber Sausages Officer;Mississippi Product;Metal;2024-05-19T15:49:18;azure;2024-05-20T06:35:57;experiences online program
2;5488;Harbors South Georgia and the South Sandwich Islands deposit;Money Market Account Organic;Cliff;Tugrik magnetic interface;Kansas;Maldives bluetooth policy;Timor-Leste e-commerce;Inverse Health JBOD;2024-05-20T08:51:20;CSS;2024-05-19T20:40:18;Factors primary
3;99793;proactive;Fantastic Sleek Granite Tuna Utah;Coordinator;Practical killer Russian Federation;Adaptive Practical B2C;SQL;Persevering Gorgeous Steel Salad Associate;Fantastic whiteboard;2024-05-20T06:22:46;Usability;2024-05-19T14:12:52;Cloned Massachusetts Facilitator
4;88419;Investment Account Investor Officer;Associate Intuitive Creative;Phased connecting;Automated;architect;lavender;copying primary invoice;EXE;2024-05-19T11:06:01;Designer Ball;2024-05-19T23:51:22;connect Zimbabwe Dollar
5;15389;indexing Pre-emptive Reduced;Kids Customer;Practical AI didactic;Tunnel;Configuration;Jewelery monitoring Infrastructure;Gorgeous ROI implement;Saint Helena Pound;2024-05-20T08:11:43;Belarus Integration;2024-05-20T06:44:19;Senior Facilitator Sleek Fresh Shoes
6;51607;Internal Louisiana;Ouguiya Utah;circuit;optical deposit;Pizza Fish next-generation;UIC-Franc;Generic El Salvador Colon US Dollar purple;XSS RSS Outdoors;2024-05-19T13:32:48;Fresh;2024-05-20T01:19:23;reboot
7;16075;connecting;generate Adaptive black;Money Market Account;New York Concrete expedite;Solomon Islands;Wooden radical Beauty;Facilitator 24/365;Sausages bypass;2024-05-19T14:26:05;Chicken bypass Paradigm;2024-05-20T05:22:23;bypass hard drive Hollow
8;5792;Small SCSI;Technician Architect calculate;Auto Loan Account;Movies Sports;target;compress UAE Dirham Dam;Wells;partnerships Terrace Hat;2024-05-19T14:17:27;Guinea Franc fuchsia Licensed;2024-05-19T17:02:03;deposit
9;27325;Usability Chair mindshare;District THX Coordinator;grid-enabled Specialist e-services;program override red;payment efficient RSS;Vietnam Mouse;SDD;Cheese Summit Saint Martin;2024-05-20T08:56:14;back-end 4th generation;2024-05-19T11:28:56;Orchestrator indigo Manors
10;123;Savings Account;Ethiopian Birr architectures;Networked;Handcrafted Rubber Gloves;South Carolina;website Curve;Circles;disintermediate Walks Credit Card Account;2024-05-20T02:21:58;El Salvador Colon US Dollar XSS;2024-05-19T14:38:59;Handmade Granite Fish Rustic Configurable
